{"cameraMode":{"drawMode":0,"name":"Shaded","section":"Shading Mode"},"sceneLighting":true,"audioPlay":false,"sceneViewState":{"m_AlwaysRefresh":false,"showFog":true,"showSkybox":true,"showFlares":true,"showImageEffects":true,"showParticleSystems":true,"showVisualEffectGraphs":true,"m_FxEnabled":true},"in2DMode":false,"pivot":{"x":0.1469355970621109,"y":-0.44648945331573489,"z":-0.4295922815799713},"rotation":{"x":-0.01126586552709341,"y":0.9804242253303528,"z":-0.18753856420516969,"w":-0.058896128088235858},"size":29.16274642944336,"orthographic":true}